{"inertias": [108584.59833532307, 92000.69752896695, 78589.55018286983, 69245.27845457307, 60672.58101686546, 55414.33422755484, 50999.09356275283, 47700.03918924155], "silhouettes": [0.3379476751721774, 0.2949316615073269, 0.31464565647076315, 0.24955707799788238, 0.2678465599249012, 0.2719125258895092, 0.28169248218235043, 0.28635368812057144], "profil": {"frequence": {"0": 3.6476850348612673, "1": 33.52225152966322, "2": 17.3480950863329}, "montant_moyen": {"0": 38.00136869529412, "1": 38.66918999106934, "2": 42.25976589055245}, "nb_devises": {"0": 1.2181484876260311, "1": 2.5832392776523703, "2": 1.8037492677211482}, "pct_online": {"0": -0.913548097374278, "1": 0.7257174306393182, "2": 0.8163947088286049}, "plan_ordinal": {"0": 0.018026275588145433, "1": 0.45428893905191875, "2": 0.02619466064105783}, "crypto": {"0": 0.08890925756186985, "1": 0.899548532731377, "2": 0.0}, "anciennete": {"0": 276.68774824320195, "1": 319.61230248307, "2": 296.3842999414177}}, "names": {"1": "Engages", "2": "Reguliers", "0": "A Risque"}, "freq_order": [1, 2, 0]}